taskId,title,status,assigneeProfileId,assigneeName,scheduledFor,createdAt,sensitive
300004,"اشراف وتدريب طالبات التدريب التعاوني",completed,30003,"اماني احمد بن صالح العثمان",2026-10-01 04:00,2026-09-30 09:53,yes
300005,"استقبال مستفيدات",completed,30003,"اماني احمد بن صالح العثمان",2026-10-01 04:00,2026-09-30 09:53,yes
300006,"دراسة جودة الاحكام - دراسة الشكاوى",completed,60140,"أبتسام عبدالعزيز محمد الخزعل",2026-10-01 04:00,2026-09-30 09:53,yes
300008,"متابعة على بريد  خدمات المستفيدات",completed,60129,"دلال عبدالرحمن عبدالعزيز الشويعر",2026-10-01 04:00,2026-09-30 09:53,yes
300009,"استقبال مستفيدات",completed,60129,"دلال عبدالرحمن عبدالعزيز الشويعر",2026-10-01 04:00,2026-09-30 09:53,yes
300012,"اعداد التقرير اليومي و التقرير الاسبوعي لانجاز التشكيلات القضائية كل يوم اثنين",completed,60132,"تماضر احمد عبدالعزيز اليحيى",2026-10-01 04:00,2026-09-30 09:53,yes
300013,"اعداد التقرير اليومي لانجاز التشكيلات القضائية كل يوم ثلاثاء",completed,60132,"تماضر احمد عبدالعزيز اليحيى",2026-10-01 04:00,2026-09-30 09:53,yes
300014,"فرز الاحكام بتوجية من فضيلة الرئيس",completed,60132,"تماضر احمد عبدالعزيز اليحيى",2026-10-01 04:00,2026-09-30 09:53,yes
300016,"فرز الاحكام بتوجية من فضيلة الرئيس",completed,60130,"ساره عبدالعزيز محمد المطوع",2026-10-01 04:00,2026-09-30 09:53,yes
300017,"تقسيم الاعمال على الموظفات عن بعد",completed,60130,"ساره عبدالعزيز محمد المطوع",2026-10-01 04:00,2026-09-30 09:53,yes
300018,"استقبال المستفيدات",completed,60130,"ساره عبدالعزيز محمد المطوع",2026-10-01 04:00,2026-09-30 09:53,yes
300019,"اعداد التقرير اليومي  لانجاز التشكيلات القضائية كل يوم أربعاء",completed,60131,"سمية سعد بن عبدالله السلمان",2026-10-01 04:00,2026-09-30 09:53,yes
300020,"اعداد التقرير اليومي لانجاز التشكيلات القضائية كل يوم خميس",completed,60131,"سمية سعد بن عبدالله السلمان",2026-10-01 04:00,2026-09-30 09:53,yes
300021,"فرز الاحكام بتوجية من فضيلة الرئيس",completed,60131,"سمية سعد بن عبدالله السلمان",2026-10-01 04:00,2026-09-30 09:53,yes
300022,"استقبال المستفيدات",completed,60121,"نوره مشحن عبدالهادى القحطاني",2026-10-01 04:00,2026-09-30 09:53,yes
300024,"متابعه حضور المتدربات",completed,60121,"نوره مشحن عبدالهادى القحطاني",2026-10-01 04:00,2026-09-30 09:53,yes
300030,"استقبال المستفيدات",completed,60126,"سارة رشدان راشد العصيمي",2026-10-01 04:00,2026-09-30 09:53,yes
300031,"تلخيص قضايا التشكيل الأول",completed,60126,"سارة رشدان راشد العصيمي",2026-10-01 04:00,2026-09-30 09:53,yes
300033,"العمل مع مركز التهيئة معدل 8 قضايا",completed,60090,"سلمى طلق بن جعيثن العتيبي",2026-10-01 04:00,2026-09-30 09:53,yes
300035,"العمل مع مركز التهيئة معدل 8 قضايا",completed,60139,"هيفاء عبدالرحمن بن عبدالله العجلان",2026-10-01 04:00,2026-09-30 09:53,yes
330002,"متابعه  بريد القسم القسم النسائي",completed,30003,"اماني احمد بن صالح العثمان",2026-10-01 04:00,2026-09-30 12:07,yes
300001,"اشراف على القسم النسائي حضور وانصراف ومتابعه الاعمال",overdue,30003,"اماني احمد بن صالح العثمان",2026-10-01 04:00,2026-09-30 09:53,no
300027,"اعداد تقارير اسبوعيه للتشكيلات القضائية  بشأن القضايا المتعثرة كل يوم أحد",overdue,60125,"هنادي محمد بن ابراهيم الدوسري",2026-10-01 04:00,2026-09-30 09:53,no
300034,"العمل مع مركز التهيئة معدل 8 قضايا",overdue,60138,"شهاليل صالح ابراهيم القصير",2026-10-01 04:00,2026-09-30 09:53,no
330011,"استقبال مستفيدات",overdue,60080,"أثير محمد عبدالعزيز المديهش",2026-10-01 04:00,2026-09-30 12:07,no
330023,"فرز الاحكام بتوجية من فضيلة الرئيس",overdue,30003,"اماني احمد بن صالح العثمان",2026-10-01 04:00,2026-09-30 17:59,no
330030,"دراسة جودة الاحكام",overdue,60080,"أثير محمد عبدالعزيز المديهش",2026-10-01 04:00,2026-09-30 17:59,no
330041,"استقبال المستفيدات",overdue,60125,"هنادي محمد بن ابراهيم الدوسري",2026-10-01 04:00,2026-09-30 17:59,no