taskId,title,assigneeProfileId,scheduledFor,createdAt,status,action
300001,"اشراف على القسم النسائي حضور وانصراف ومتابعه الاعمال",30003,2026-10-01 04:00,2026-09-30 09:53,overdue,KEEP
330002,"متابعه  بريد القسم القسم النسائي",30003,2026-10-01 04:00,2026-09-30 12:07,completed,KEEP
330023,"فرز الاحكام بتوجية من فضيلة الرئيس",30003,2026-10-01 04:00,2026-09-30 17:59,overdue,KEEP
300023,"فرز الاحكام بتوجية من فضيلة الرئيس",60121,2026-10-13 05:01,2026-09-30 09:53,new,KEEP
300029,"فرز الاحكام بتوجية من فضيلة الرئيس",60126,2027-01-05 05:01,2026-09-30 09:53,completed,KEEP
300004,"اشراف وتدريب طالبات التدريب التعاوني",30003,2026-10-01 04:00,2026-09-30 09:53,completed,KEEP
300005,"استقبال مستفيدات",30003,2026-10-01 04:00,2026-09-30 09:53,completed,KEEP
630002,"استقبال مستفيدات",60130,2026-10-05 05:00,2026-10-05 05:44,completed,KEEP
330009,"استقبال مستفيدات",60129,2026-10-13 05:01,2026-09-30 12:07,completed,KEEP
300006,"دراسة جودة الاحكام - دراسة الشكاوى",60140,2026-10-01 04:00,2026-09-30 09:53,completed,KEEP
300008,"متابعة على بريد  خدمات المستفيدات",60129,2026-10-01 04:00,2026-09-30 09:53,completed,KEEP
510001,"متابعة على بريد  خدمات المستفيدات",60129,2026-10-05 04:00,2026-10-04 08:16,cancelled,KEEP
300009,"استقبال مستفيدات",60129,2026-10-01 04:00,2026-09-30 09:53,completed,KEEP
510002,"استقبال مستفيدات",60129,2026-10-05 04:00,2026-10-04 08:16,cancelled,KEEP
300014,"فرز الاحكام بتوجية من فضيلة الرئيس",60132,2026-10-01 04:00,2026-09-30 09:53,completed,KEEP
300016,"فرز الاحكام بتوجية من فضيلة الرئيس",60130,2026-10-01 04:00,2026-09-30 09:53,completed,KEEP
540004,"فرز الاحكام بتوجية من فضيلة الرئيس",60130,2026-10-05 04:00,2026-10-04 14:07,cancelled,KEEP
300017,"تقسيم الاعمال على الموظفات عن بعد",60130,2026-10-01 04:00,2026-09-30 09:53,completed,KEEP
300018,"استقبال المستفيدات",60130,2026-10-01 04:00,2026-09-30 09:53,completed,KEEP
300019,"اعداد التقرير اليومي  لانجاز التشكيلات القضائية كل يوم أربعاء",60131,2026-10-01 04:00,2026-09-30 09:53,completed,KEEP
300021,"فرز الاحكام بتوجية من فضيلة الرئيس",60131,2026-10-01 04:00,2026-09-30 09:53,completed,KEEP
300022,"استقبال المستفيدات",60121,2026-10-01 04:00,2026-09-30 09:53,completed,KEEP
300024,"متابعه حضور المتدربات",60121,2026-10-01 04:00,2026-09-30 09:53,completed,KEEP
300030,"استقبال المستفيدات",60126,2026-10-01 04:00,2026-09-30 09:53,completed,KEEP
300032,"العمل مع مركز التهيئة معدل 8 قضايا",60146,2026-10-01 04:00,2026-09-30 09:53,cancelled,KEEP
300033,"العمل مع مركز التهيئة معدل 8 قضايا",60090,2026-10-01 04:00,2026-09-30 09:53,completed,KEEP
300034,"العمل مع مركز التهيئة معدل 8 قضايا",60138,2026-10-01 04:00,2026-09-30 09:53,overdue,KEEP
300035,"العمل مع مركز التهيئة معدل 8 قضايا",60139,2026-10-01 04:00,2026-09-30 09:53,completed,KEEP
390001,"تقسيم القضايا على الباحثات (دراسة جودة الاحكام)",60129,2026-10-04 05:01,2026-10-01 10:31,completed,KEEP
600033,"متابعة بريد  خدمات المستفيدات",60129,2026-10-05 04:00,2026-10-04 21:18,completed,KEEP
330001,"اشراف على القسم النسائي حضور وانصراف ومتابعه الاعمال",30003,2026-10-01 04:00,2026-09-30 12:07,overdue,ARCHIVE
330021,"اشراف على القسم النسائي حضور وانصراف ومتابعه الاعمال",30003,2026-10-01 04:00,2026-09-30 17:59,overdue,ARCHIVE
300002,"متابعه  بريد القسم القسم النسائي",30003,2026-10-01 04:00,2026-09-30 09:53,overdue,ARCHIVE
330022,"متابعه  بريد القسم القسم النسائي",30003,2026-10-01 04:00,2026-09-30 17:59,overdue,ARCHIVE
330003,"فرز الاحكام بتوجية من فضيلة الرئيس",30003,2026-10-01 04:00,2026-09-30 12:07,cancelled,ARCHIVE
330019,"فرز الاحكام بتوجية من فضيلة الرئيس",60121,2026-10-13 05:01,2026-09-30 12:07,new,ARCHIVE
330039,"فرز الاحكام بتوجية من فضيلة الرئيس",60121,2026-10-13 05:01,2026-09-30 17:59,new,ARCHIVE
450021,"فرز الاحكام بتوجية من فضيلة الرئيس",60130,2026-10-13 05:01,2026-10-03 22:44,new,ARCHIVE
330043,"فرز الاحكام بتوجية من فضيلة الرئيس",60126,2027-01-05 05:00,2026-09-30 17:59,completed,ARCHIVE
300026,"فرز الاحكام بتوجية من فضيلة الرئيس",60125,2027-01-05 05:01,2026-09-30 09:53,new,ARCHIVE
330042,"فرز الاحكام بتوجية من فضيلة الرئيس",60125,2027-01-05 05:00,2026-09-30 17:59,new,ARCHIVE
330004,"اشراف وتدريب طالبات التدريب التعاوني",30003,2026-10-01 04:00,2026-09-30 12:07,completed,ARCHIVE
330024,"اشراف وتدريب طالبات التدريب التعاوني",30003,2026-10-01 04:00,2026-09-30 17:59,overdue,ARCHIVE
330005,"استقبال مستفيدات",30003,2026-10-01 04:00,2026-09-30 12:07,overdue,ARCHIVE
330025,"استقبال مستفيدات",30003,2026-10-01 04:00,2026-09-30 17:59,overdue,ARCHIVE
600011,"استقبال مستفيدات",60129,2026-10-05 04:00,2026-10-04 21:17,cancelled,ARCHIVE
600013,"استقبال مستفيدات",60140,2026-10-13 05:01,2026-10-04 21:18,completed,ARCHIVE
300007,"استقبال مستفيدات",60140,2026-10-13 05:00,2026-09-30 09:53,new,ARCHIVE
330007,"استقبال مستفيدات",60140,2026-10-13 05:01,2026-09-30 12:07,new,ARCHIVE
450017,"استقبال مستفيدات",60129,2026-10-13 05:01,2026-10-03 22:44,new,ARCHIVE
540003,"استقبال مستفيدات",60129,2026-10-13 05:01,2026-10-04 14:07,new,ARCHIVE
330006,"دراسة جودة الاحكام - دراسة الشكاوى",60140,2026-10-01 04:00,2026-09-30 12:07,completed,ARCHIVE
330026,"دراسة جودة الاحكام - دراسة الشكاوى",60140,2026-10-01 04:00,2026-09-30 17:59,completed,ARCHIVE
330008,"متابعة على بريد  خدمات المستفيدات",60129,2026-10-01 04:00,2026-09-30 12:07,completed,ARCHIVE
330028,"متابعة على بريد  خدمات المستفيدات",60129,2026-10-01 04:00,2026-09-30 17:59,completed,ARCHIVE
540002,"متابعة على بريد  خدمات المستفيدات",60129,2026-10-05 04:00,2026-10-04 14:07,cancelled,ARCHIVE
330029,"استقبال مستفيدات",60129,2026-10-01 04:00,2026-09-30 17:59,completed,ARCHIVE
570002,"استقبال مستفيدات",60129,2026-10-05 04:00,2026-10-04 18:07,cancelled,ARCHIVE
330012,"فرز الاحكام بتوجية من فضيلة الرئيس",60132,2026-10-01 04:00,2026-09-30 12:07,completed,ARCHIVE
330032,"فرز الاحكام بتوجية من فضيلة الرئيس",60132,2026-10-01 04:00,2026-09-30 17:59,completed,ARCHIVE
330013,"فرز الاحكام بتوجية من فضيلة الرئيس",60130,2026-10-01 04:00,2026-09-30 12:07,completed,ARCHIVE
330033,"فرز الاحكام بتوجية من فضيلة الرئيس",60130,2026-10-01 04:00,2026-09-30 17:59,completed,ARCHIVE
570003,"فرز الاحكام بتوجية من فضيلة الرئيس",60130,2026-10-05 04:00,2026-10-04 18:07,cancelled,ARCHIVE
330014,"تقسيم الاعمال على الموظفات عن بعد",60130,2026-10-01 04:00,2026-09-30 12:07,cancelled,ARCHIVE
330034,"تقسيم الاعمال على الموظفات عن بعد",60130,2026-10-01 04:00,2026-09-30 17:59,cancelled,ARCHIVE
330015,"استقبال المستفيدات",60130,2026-10-01 04:00,2026-09-30 12:07,completed,ARCHIVE
330035,"استقبال المستفيدات",60130,2026-10-01 04:00,2026-09-30 17:59,completed,ARCHIVE
330016,"اعداد التقرير اليومي  لانجاز التشكيلات القضائية كل يوم أربعاء",60131,2026-10-01 04:00,2026-09-30 12:07,completed,ARCHIVE
330036,"اعداد التقرير اليومي  لانجاز التشكيلات القضائية كل يوم أربعاء",60131,2026-10-01 04:00,2026-09-30 17:59,completed,ARCHIVE
330017,"فرز الاحكام بتوجية من فضيلة الرئيس",60131,2026-10-01 04:00,2026-09-30 12:07,completed,ARCHIVE
330037,"فرز الاحكام بتوجية من فضيلة الرئيس",60131,2026-10-01 04:00,2026-09-30 17:59,completed,ARCHIVE
330018,"استقبال المستفيدات",60121,2026-10-01 04:00,2026-09-30 12:07,completed,ARCHIVE
330038,"استقبال المستفيدات",60121,2026-10-01 04:00,2026-09-30 17:59,completed,ARCHIVE
330020,"متابعه حضور المتدربات",60121,2026-10-01 04:00,2026-09-30 12:07,completed,ARCHIVE
330040,"متابعه حضور المتدربات",60121,2026-10-01 04:00,2026-09-30 17:59,completed,ARCHIVE
330044,"استقبال المستفيدات",60126,2026-10-01 04:00,2026-09-30 17:59,completed,ARCHIVE
330045,"العمل مع مركز التهيئة معدل 8 قضايا",60146,2026-10-01 04:00,2026-09-30 17:59,cancelled,ARCHIVE
330046,"العمل مع مركز التهيئة معدل 8 قضايا",60090,2026-10-01 04:00,2026-09-30 17:59,completed,ARCHIVE
330047,"العمل مع مركز التهيئة معدل 8 قضايا",60138,2026-10-01 04:00,2026-09-30 17:59,overdue,ARCHIVE
330048,"العمل مع مركز التهيئة معدل 8 قضايا",60139,2026-10-01 04:00,2026-09-30 17:59,completed,ARCHIVE
480002,"تقسيم القضايا على الباحثات (دراسة جودة الاحكام)",60129,2026-10-04 05:00,2026-10-04 04:23,completed,ARCHIVE
570001,"متابعة بريد  خدمات المستفيدات",60129,2026-10-05 04:00,2026-10-04 18:07,cancelled,ARCHIVE