templateId,title,day,frequency,unit,copies,assignees,createdTimes
90001,"اشراف على القسم النسائي حضور وانصراف ومتابعه الاعمال",2026-10-01,daily,القسم النسائي,3,"اماني احمد بن صالح العثمان",17:59 ; 12:07 ; 09:53
90002,"متابعه  بريد القسم القسم النسائي",2026-10-01,daily,القسم النسائي,3,"اماني احمد بن صالح العثمان",09:53 ; 17:59 ; 12:07
90003,"فرز الاحكام بتوجية من فضيلة الرئيس",2026-10-01,daily,القسم النسائي,2,"اماني احمد بن صالح العثمان",17:59 ; 12:07
90003,"فرز الاحكام بتوجية من فضيلة الرئيس",2026-10-13,daily,القسم النسائي,4,"نوره مشحن عبدالهادى القحطاني ; ساره عبدالعزيز محمد المطوع",17:59 ; 12:07 ; 22:44 ; 09:53
90003,"فرز الاحكام بتوجية من فضيلة الرئيس",2027-01-05,daily,القسم النسائي,4,"هنادي محمد بن ابراهيم الدوسري ; سارة رشدان راشد العصيمي",17:59 ; 17:59 ; 09:53 ; 09:53
90004,"اشراف وتدريب طالبات التدريب التعاوني",2026-10-01,daily,القسم النسائي,3,"اماني احمد بن صالح العثمان",09:53 ; 12:07 ; 17:59
90005,"استقبال مستفيدات",2026-10-01,daily,القسم النسائي,3,"اماني احمد بن صالح العثمان",09:53 ; 12:07 ; 17:59
90005,"استقبال مستفيدات",2026-10-05,daily,القسم النسائي,2,"دلال عبدالرحمن عبدالعزيز الشويعر ; ساره عبدالعزيز محمد المطوع",21:17 ; 05:44
90005,"استقبال مستفيدات",2026-10-13,daily,القسم النسائي,6,"أبتسام عبدالعزيز محمد الخزعل ; دلال عبدالرحمن عبدالعزيز الشويعر",09:53 ; 21:18 ; 12:07 ; 12:07 ; 14:07 ; 22:44
90006,"دراسة جودة الاحكام - دراسة الشكاوى",2026-10-01,daily,القسم النسائي,3,"أبتسام عبدالعزيز محمد الخزعل",12:07 ; 17:59 ; 09:53
90008,"متابعة على بريد  خدمات المستفيدات",2026-10-01,daily,القسم النسائي,3,"دلال عبدالرحمن عبدالعزيز الشويعر",09:53 ; 12:07 ; 17:59
90008,"متابعة على بريد  خدمات المستفيدات",2026-10-05,daily,القسم النسائي,2,"دلال عبدالرحمن عبدالعزيز الشويعر",14:07 ; 08:16
90009,"استقبال مستفيدات",2026-10-01,daily,القسم النسائي,2,"دلال عبدالرحمن عبدالعزيز الشويعر",17:59 ; 09:53
90009,"استقبال مستفيدات",2026-10-05,daily,القسم النسائي,2,"دلال عبدالرحمن عبدالعزيز الشويعر",08:16 ; 18:07
90014,"فرز الاحكام بتوجية من فضيلة الرئيس",2026-10-01,daily,القسم النسائي,3,"تماضر احمد عبدالعزيز اليحيى",17:59 ; 09:53 ; 12:07
90016,"فرز الاحكام بتوجية من فضيلة الرئيس",2026-10-01,daily,القسم النسائي,3,"ساره عبدالعزيز محمد المطوع",12:07 ; 09:53 ; 17:59
90016,"فرز الاحكام بتوجية من فضيلة الرئيس",2026-10-05,daily,القسم النسائي,2,"ساره عبدالعزيز محمد المطوع",18:07 ; 14:07
90017,"تقسيم الاعمال على الموظفات عن بعد",2026-10-01,daily,القسم النسائي,3,"ساره عبدالعزيز محمد المطوع",17:59 ; 12:07 ; 09:53
90018,"استقبال المستفيدات",2026-10-01,daily,القسم النسائي,3,"ساره عبدالعزيز محمد المطوع",09:53 ; 17:59 ; 12:07
90019,"اعداد التقرير اليومي  لانجاز التشكيلات القضائية كل يوم أربعاء",2026-10-01,specific_days,القسم النسائي,3,"سمية سعد بن عبدالله السلمان",17:59 ; 12:07 ; 09:53
90021,"فرز الاحكام بتوجية من فضيلة الرئيس",2026-10-01,daily,القسم النسائي,3,"سمية سعد بن عبدالله السلمان",09:53 ; 17:59 ; 12:07
90022,"استقبال المستفيدات",2026-10-01,daily,القسم النسائي,3,"نوره مشحن عبدالهادى القحطاني",12:07 ; 17:59 ; 09:53
90024,"متابعه حضور المتدربات",2026-10-01,daily,القسم النسائي,3,"نوره مشحن عبدالهادى القحطاني",12:07 ; 09:53 ; 17:59
90030,"استقبال المستفيدات",2026-10-01,daily,القسم النسائي,2,"سارة رشدان راشد العصيمي",17:59 ; 09:53
90032,"العمل مع مركز التهيئة معدل 8 قضايا",2026-10-01,daily,القسم النسائي,2,"الجوهره عبدالعزيز ناصر السياري",09:53 ; 17:59
90033,"العمل مع مركز التهيئة معدل 8 قضايا",2026-10-01,daily,القسم النسائي,2,"سلمى طلق بن جعيثن العتيبي",09:53 ; 17:59
90034,"العمل مع مركز التهيئة معدل 8 قضايا",2026-10-01,daily,القسم النسائي,2,"شهاليل صالح ابراهيم القصير",09:53 ; 17:59
90035,"العمل مع مركز التهيئة معدل 8 قضايا",2026-10-01,daily,القسم النسائي,2,"هيفاء عبدالرحمن بن عبدالله العجلان",09:53 ; 17:59
120001,"تقسيم القضايا على الباحثات (دراسة جودة الاحكام)",2026-10-04,weekly,القسم النسائي,2,"دلال عبدالرحمن عبدالعزيز الشويعر",04:23 ; 10:31
150002,"متابعة بريد  خدمات المستفيدات",2026-10-05,daily,القسم النسائي,2,"دلال عبدالرحمن عبدالعزيز الشويعر",21:18 ; 18:07