profileId,name,month,mode,posOld,posNew,negOld,negNew,penOld,penNew,excOld,excNew,netOld,netNew,delta,reason
30003,"اماني احمد بن صالح العثمان",1448-04,remote,68,68,0,0,0,0,0,0,68,68,0,لا تغيير
60090,"سلمى طلق بن جعيثن العتيبي",1448-04,remote,0,0,0,0,0,0,0,0,0,0,0,لا تغيير
60121,"نوره مشحن عبدالهادى القحطاني",1448-04,in_person,0,0,0,0,0,0,0,0,0,0,0,لا تغيير
60129,"دلال عبدالرحمن عبدالعزيز الشويعر",1448-04,remote,4,4,0,0,0,0,0,0,4,4,0,لا تغيير
60130,"ساره عبدالعزيز محمد المطوع",1448-04,in_person,0,0,0,0,0,0,0,0,0,0,0,لا تغيير
60131,"سمية سعد بن عبدالله السلمان",1448-04,remote,33,33,0,0,0,0,0,0,33,33,0,لا تغيير
60132,"تماضر احمد عبدالعزيز اليحيى",1448-04,remote,0,0,426,0,0,0,240,240,-186,240,426,إلغاء عقوبة remote
60139,"هيفاء عبدالرحمن بن عبدالله العجلان",1448-04,remote,27,27,0,0,0,0,0,0,27,27,0,لا تغيير
60140,"أبتسام عبدالعزيز محمد الخزعل",1448-04,remote,31,31,0,0,0,0,0,0,31,31,0,لا تغيير
60146,"الجوهره عبدالعزيز ناصر السياري",1448-04,remote,25,25,425,0,0,0,240,240,-160,265,425,إلغاء عقوبة remote
