taskId,title,status,assigneeProfileId,assigneeName,assigneeStatus,assigneeUnitId,assigneeUnitName,taskUnitId,taskUnitName,templateId,templateUnitId,source,issues
180015,"متابعة طلبات الأجهزة وملحقاتها لفضيلة الملازمين حتى استلامها وتشغيلها",overdue,,"",,,"",2,"شؤون الملازمين",,,manual,"بلا مُسند"
180036,"تنسيق الاجتماعات الدورية لفضيلة الملازمين مع الرئيس المساعد واعداد محضر الاجتماع",overdue,,"",,,"",2,"شؤون الملازمين",,,manual,"بلا مُسند"
180035,"تنسيق اجتماعات الملازمين مع فضيلة الرئيس وتحضيرهم في الاجتماع ومتابعة المهام المطلوبة",overdue,,"",,,"",2,"شؤون الملازمين",,,manual,"بلا مُسند"
180034,"طلب القسم المختص بتزويدنا بالاعتمادات العالقة لدى فضلة الملازمين ومتابعتها مع فضيلتهم حتى معالجتها بإصدار الحكم أو رفع تذكرة ومتابعة ملحوظات مدخلات الاحكام",overdue,,"",,,"",2,"شؤون الملازمين",,,manual,"بلا مُسند"
180005,"الملازمين المنتقلين من محكمة أخرى يتم رفع المباشرة عن طريق (موارد أو رائد)  لفضيلة رئيس المحكمة",overdue,,"",,,"",2,"شؤون الملازمين",,,manual,"بلا مُسند"
180006,"رفع تذاكر لمعالجة يوزرات فضيلة الملازمين المنتقلين من محاكم أخرى ومتابعتها حتى المعالجة ليتم تسكينهم على المحكمة العمالية",overdue,,"",,,"",2,"شؤون الملازمين",,,manual,"بلا مُسند"
180033,"الشخوص لرئيس المحكمة لتسجيل طلبات الموارد وموافقات خدماتي",overdue,,"",,,"",2,"شؤون الملازمين",,,manual,"بلا مُسند"
180026,"متابعة عمل الملازمين عن بعد",overdue,,"",,,"",2,"شؤون الملازمين",,,manual,"بلا مُسند"
180020,"إعداد تقرير (اسبوعي-شهري) عن اعمال كل ملازم لدى التشكيل القضائي والتأكد من تحقيق فضيلة الملازم للمستهدف الأسبوعي في التشكيل القضائي",overdue,,"",,,"",2,"شؤون الملازمين",,,manual,"بلا مُسند"
180018,"تكليف الملازمين وارسال البريد للقاضي والملازم",overdue,,"",,,"",2,"شؤون الملازمين",,,manual,"بلا مُسند"
180017,"ارسال بريد التسكين أو الحذف لإدارة مكتب الرئيس",overdue,,"",,,"",2,"شؤون الملازمين",,,manual,"بلا مُسند"
180012,"اعداد التشكيل الدوري للملازمين بعد سحب اجمالي قيد النظر في تشكيلات المحكمة",overdue,,"",,,"",2,"شؤون الملازمين",,,manual,"بلا مُسند"
180013,"توزيع فضيلة الملازمين على القاعات المخصصة والمهيئة لفضيلتهم للدخول للتشكيل ونظر القضايا تحت اشراف قاضي التشكيل",overdue,,"",,,"",2,"شؤون الملازمين",,,manual,"بلا مُسند"
180016,"تز+A41:C42إدارة الاسناد-الامن والسلامة ...الخ)",overdue,,"",,,"",2,"شؤون الملازمين",,,manual,"بلا مُسند"
180028,"متابعة حضور وانصراف الملازمين اليومي وارسال افادة عن التاخر أو الغياب لفضيلة الملازمين والقيام بجولة اثناء أوقات ساعات العمل",overdue,,"",,,"",2,"شؤون الملازمين",30018,2,template,"بلا مُسند"
180001,"تدوين الاحاطه الواردة من المجلس بشأن تسجيل مباشرة الملازمين المعينين حديثا وطلب ارقام التواصل بهم",overdue,,"",,,"",2,"شؤون الملازمين",30001,2,template,"بلا مُسند"
180007,"التحقق من صلاحية عمل يوزرات فضيلة الملازمين والتحقق من دخول فضيلة الملازمين للجلسات القضائية",overdue,,"",,,"",2,"شؤون الملازمين",30005,2,template,"بلا مُسند"
180032,"متابعة طلبات اجازات الملازمين حسب التسلسل المطلوب متضمن موافقة رئيس التشكيل حتى استكمال الطلب واعتماد الاجازة",overdue,,"",,,"",2,"شؤون الملازمين",30022,2,template,"بلا مُسند"
180031,"تحديث قاعدة بيانات الملازمين بما يتم طلبات الاجازة والندب والانقطاع ونحوه",overdue,,"",,,"",2,"شؤون الملازمين",30021,2,template,"بلا مُسند"
180004,"طلب قرارات المباشرة للملازمين المعينين حديثا من الموارد البشرية في الوزارة الخاصة بالقضاة",overdue,,"",,,"",2,"شؤون الملازمين",30004,2,template,"بلا مُسند"
180003,"الملازمين المعينين حديثا يتم رفع المباشرة لهم عن طريق البريد الالكتروني لإدارة شؤون القضاة بالمجلس",overdue,,"",,,"",2,"شؤون الملازمين",30003,2,template,"بلا مُسند"
180029,"ارسال بريد افادة للملازم المتغيب عن العمل",overdue,,"",,,"",2,"شؤون الملازمين",30019,2,template,"بلا مُسند"
180009,"تهيئة محطات العمل وترقيمها",overdue,,"",,,"",2,"شؤون الملازمين",30007,2,template,"بلا مُسند"
180024,"اعداد تقييم شهري تحت اشراف فضيلة الرئيس المساعد مع التنسيق مع قاضي المخصص للتدريب يتضمن معايير (الجودة-والتواصل-وسرعة الإنجاز ...ألخ)",overdue,,"",,,"",2,"شؤون الملازمين",30015,2,template,"بلا مُسند"
180014,"تنسيق مواقف فضيلة الملازمين",overdue,,"",,,"",2,"شؤون الملازمين",30010,2,template,"بلا مُسند"
180008,"اعداد خطة تدريب للملازمين مع الأقسام",overdue,,"",,,"",2,"شؤون الملازمين",30006,2,template,"بلا مُسند"
180002,"رفع مباشرة وتكليف الملازمين بالتشكيل",overdue,,"",,,"",2,"شؤون الملازمين",30002,2,template,"بلا مُسند"
180037,"اعداد مسودة التكريم الشهري للملازمين",overdue,,"",,,"",2,"شؤون الملازمين",30023,2,template,"بلا مُسند"
180038,"استلام بطاقات عمل لفضيلة الملازمين وتسليمها لهم",overdue,,"",,,"",2,"شؤون الملازمين",30024,2,template,"بلا مُسند"
180039,"اعداد العرض بالعهد المسجله على الملازم والاعتمادات العالقة قبل انتقاله من المحكمة",overdue,,"",,,"",2,"شؤون الملازمين",30025,2,template,"بلا مُسند"
180040,"حصر قرارات الايفاد والندب والتفريغ لفضيلة الملازمين",overdue,,"",,,"",2,"شؤون الملازمين",30026,2,template,"بلا مُسند"
180010,"اعداد مقترح لتشكيل الملازمين الجدد",overdue,,"",,,"",2,"شؤون الملازمين",30008,2,template,"بلا مُسند"
180011,"اعداد مقترح لتشكيل الملازمين المنقولين حديثا مع مراعاة مرحلة التدريب",overdue,,"",,,"",2,"شؤون الملازمين",30009,2,template,"بلا مُسند"
180025,"متابعة طلبات العمل عن بعد لفضيلة الملازمين ورفعها لرئاسة المحكمة وذلك بعد استكمال الشروط المخصصة لذلك واعتماد القرار من رئاسة المحكمة",overdue,,"",,,"",2,"شؤون الملازمين",30016,2,template,"بلا مُسند"
180030,"متابعة استئذانات فضيلة الملازمين والتحقق من وجود موافقة رئيس التشكيل قبل طلب الاستئذان ومن ثم معالجتها في نظام الحضور والانصراف",overdue,,"",,,"",2,"شؤون الملازمين",30020,2,template,"بلا مُسند"
180027,"حصر أسماء فضيلة الملازمين الذين صدر لهم قرار الموافقة بالعمل عن بعد ومعالجتها في نظام الحضور والانصراف",overdue,,"",,,"",2,"شؤون الملازمين",30017,2,template,"بلا مُسند"
180023,"تقييم القضاة المدربين للملازمين عبر المنصة",overdue,,"",,,"",2,"شؤون الملازمين",30014,2,template,"بلا مُسند"
180021,"متابعة مستهدفات الملازمين وعمل تقرير عليها وارسال افادة لمن لم يحقق المستهدف المطلوب والعرض بما يلزم على فضيلة القاضي المشرف",overdue,,"",,,"",2,"شؤون الملازمين",30012,2,template,"بلا مُسند"
180019,"تزويد الملازمين بوسيلة التواصل بالقضاة المدربين",overdue,,"",,,"",2,"شؤون الملازمين",30011,2,template,"بلا مُسند"
180022,"اعداد العرض الخاص بتقييم الملازم بناء على توجيه التفتيش القضائي",new,,"",,,"",2,"شؤون الملازمين",30013,2,template,"بلا مُسند"
360001,"تدوين الاحاطه الواردة من المجلس بشأن تسجيل مباشرة الملازمين المعينين حديثا وطلب ارقام التواصل بهم",overdue,30001,"فهد سلطان ناصر الراجح",active,2,"شؤون الملازمين",2,"شؤون الملازمين",30001,2,template,""
360005,"تحديث قاعدة بيانات الملازمين بما يتم طلبات الاجازة والندب والانقطاع ونحوه",overdue,30001,"فهد سلطان ناصر الراجح",active,2,"شؤون الملازمين",2,"شؤون الملازمين",30021,2,template,""
360002,"التحقق من صلاحية عمل يوزرات فضيلة الملازمين والتحقق من دخول فضيلة الملازمين للجلسات القضائية",overdue,30001,"فهد سلطان ناصر الراجح",active,2,"شؤون الملازمين",2,"شؤون الملازمين",30005,2,template,""
450006,"ارسال بريد افادة للملازم المتغيب عن العمل",overdue,30001,"فهد سلطان ناصر الراجح",active,2,"شؤون الملازمين",2,"شؤون الملازمين",30019,2,template,""
450003,"طلب قرارات المباشرة للملازمين المعينين حديثا من الموارد البشرية في الوزارة الخاصة بالقضاة",overdue,30001,"فهد سلطان ناصر الراجح",active,2,"شؤون الملازمين",2,"شؤون الملازمين",30004,2,template,""
450001,"تدوين الاحاطه الواردة من المجلس بشأن تسجيل مباشرة الملازمين المعينين حديثا وطلب ارقام التواصل بهم",overdue,30001,"فهد سلطان ناصر الراجح",active,2,"شؤون الملازمين",2,"شؤون الملازمين",30001,2,template,""
450008,"متابعة طلبات اجازات الملازمين حسب التسلسل المطلوب متضمن موافقة رئيس التشكيل حتى استكمال الطلب واعتماد الاجازة",overdue,30001,"فهد سلطان ناصر الراجح",active,2,"شؤون الملازمين",2,"شؤون الملازمين",30022,2,template,""
600001,"تدوين الاحاطه الواردة من المجلس بشأن تسجيل مباشرة الملازمين المعينين حديثا وطلب ارقام التواصل بهم",overdue,30001,"فهد سلطان ناصر الراجح",active,2,"شؤون الملازمين",2,"شؤون الملازمين",30001,2,template,""
600004,"ارسال بريد افادة للملازم المتغيب عن العمل",overdue,30001,"فهد سلطان ناصر الراجح",active,2,"شؤون الملازمين",2,"شؤون الملازمين",30019,2,template,""
600006,"متابعة طلبات اجازات الملازمين حسب التسلسل المطلوب متضمن موافقة رئيس التشكيل حتى استكمال الطلب واعتماد الاجازة",overdue,30001,"فهد سلطان ناصر الراجح",active,2,"شؤون الملازمين",2,"شؤون الملازمين",30022,2,template,""
720006,"متابعة طلبات اجازات الملازمين حسب التسلسل المطلوب متضمن موافقة رئيس التشكيل حتى استكمال الطلب واعتماد الاجازة",new,30001,"فهد سلطان ناصر الراجح",active,2,"شؤون الملازمين",2,"شؤون الملازمين",30022,2,template,""
720004,"ارسال بريد افادة للملازم المتغيب عن العمل",new,30001,"فهد سلطان ناصر الراجح",active,2,"شؤون الملازمين",2,"شؤون الملازمين",30019,2,template,""
720001,"تدوين الاحاطه الواردة من المجلس بشأن تسجيل مباشرة الملازمين المعينين حديثا وطلب ارقام التواصل بهم",new,30001,"فهد سلطان ناصر الراجح",active,2,"شؤون الملازمين",2,"شؤون الملازمين",30001,2,template,""
330025,"استقبال مستفيدات",overdue,30003,"اماني احمد بن صالح العثمان",active,5,"القسم النسائي",5,"القسم النسائي",90005,5,template,"مُسند ≠ defaultAssignee القالب"
300001,"اشراف على القسم النسائي حضور وانصراف ومتابعه الاعمال",overdue,30003,"اماني احمد بن صالح العثمان",active,5,"القسم النسائي",5,"القسم النسائي",90001,5,template,""
300002,"متابعه  بريد القسم القسم النسائي",overdue,30003,"اماني احمد بن صالح العثمان",active,5,"القسم النسائي",5,"القسم النسائي",90002,5,template,""
330001,"اشراف على القسم النسائي حضور وانصراف ومتابعه الاعمال",overdue,30003,"اماني احمد بن صالح العثمان",active,5,"القسم النسائي",5,"القسم النسائي",90001,5,template,""
330005,"استقبال مستفيدات",overdue,30003,"اماني احمد بن صالح العثمان",active,5,"القسم النسائي",5,"القسم النسائي",90005,5,template,"مُسند ≠ defaultAssignee القالب"
330021,"اشراف على القسم النسائي حضور وانصراف ومتابعه الاعمال",overdue,30003,"اماني احمد بن صالح العثمان",active,5,"القسم النسائي",5,"القسم النسائي",90001,5,template,""
330022,"متابعه  بريد القسم القسم النسائي",overdue,30003,"اماني احمد بن صالح العثمان",active,5,"القسم النسائي",5,"القسم النسائي",90002,5,template,""
330023,"فرز الاحكام بتوجية من فضيلة الرئيس",overdue,30003,"اماني احمد بن صالح العثمان",active,5,"القسم النسائي",5,"القسم النسائي",90003,5,template,"مُسند ≠ defaultAssignee القالب"
330024,"اشراف وتدريب طالبات التدريب التعاوني",overdue,30003,"اماني احمد بن صالح العثمان",active,5,"القسم النسائي",5,"القسم النسائي",90004,5,template,""
450010,"متابعه  بريد القسم القسم النسائي",under_review,30003,"اماني احمد بن صالح العثمان",active,5,"القسم النسائي",5,"القسم النسائي",90002,5,template,""
450009,"اشراف على القسم النسائي حضور وانصراف ومتابعه الاعمال",under_review,30003,"اماني احمد بن صالح العثمان",active,5,"القسم النسائي",5,"القسم النسائي",90001,5,template,""
450012,"اشراف وتدريب طالبات التدريب التعاوني",under_review,30003,"اماني احمد بن صالح العثمان",active,5,"القسم النسائي",5,"القسم النسائي",90004,5,template,""
600010,"اشراف وتدريب طالبات التدريب التعاوني",under_review,30003,"اماني احمد بن صالح العثمان",active,5,"القسم النسائي",5,"القسم النسائي",90004,5,template,""
600007,"اشراف على القسم النسائي حضور وانصراف ومتابعه الاعمال",under_review,30003,"اماني احمد بن صالح العثمان",active,5,"القسم النسائي",5,"القسم النسائي",90001,5,template,""
600008,"متابعه  بريد القسم القسم النسائي",under_review,30003,"اماني احمد بن صالح العثمان",active,5,"القسم النسائي",5,"القسم النسائي",90002,5,template,""
720007,"اشراف على القسم النسائي حضور وانصراف ومتابعه الاعمال",in_progress,30003,"اماني احمد بن صالح العثمان",active,5,"القسم النسائي",5,"القسم النسائي",90001,5,template,""
720010,"اشراف وتدريب طالبات التدريب التعاوني",in_progress,30003,"اماني احمد بن صالح العثمان",active,5,"القسم النسائي",5,"القسم النسائي",90004,5,template,""
720008,"متابعه  بريد القسم القسم النسائي",in_progress,30003,"اماني احمد بن صالح العثمان",active,5,"القسم النسائي",5,"القسم النسائي",90002,5,template,""
300003,"فرز الاحكام بتوجية من فضيلة الرئيس",in_progress,30003,"اماني احمد بن صالح العثمان",active,5,"القسم النسائي",5,"القسم النسائي",90003,5,template,"مُسند ≠ defaultAssignee القالب"
360003,"متابعة حضور وانصراف الملازمين اليومي وارسال افادة عن التاخر أو الغياب لفضيلة الملازمين والقيام بجولة اثناء أوقات ساعات العمل",overdue,60076,"البراء محمد رشود الجاسر",active,2,"شؤون الملازمين",2,"شؤون الملازمين",30018,2,template,""
360006,"متابعة طلبات اجازات الملازمين حسب التسلسل المطلوب متضمن موافقة رئيس التشكيل حتى استكمال الطلب واعتماد الاجازة",overdue,60076,"البراء محمد رشود الجاسر",active,2,"شؤون الملازمين",2,"شؤون الملازمين",30022,2,template,""
450004,"التحقق من صلاحية عمل يوزرات فضيلة الملازمين والتحقق من دخول فضيلة الملازمين للجلسات القضائية",overdue,60076,"البراء محمد رشود الجاسر",active,2,"شؤون الملازمين",2,"شؤون الملازمين",30005,2,template,""
600002,"التحقق من صلاحية عمل يوزرات فضيلة الملازمين والتحقق من دخول فضيلة الملازمين للجلسات القضائية",overdue,60076,"البراء محمد رشود الجاسر",active,2,"شؤون الملازمين",2,"شؤون الملازمين",30005,2,template,""
720002,"التحقق من صلاحية عمل يوزرات فضيلة الملازمين والتحقق من دخول فضيلة الملازمين للجلسات القضائية",new,60076,"البراء محمد رشود الجاسر",active,2,"شؤون الملازمين",2,"شؤون الملازمين",30005,2,template,""
330011,"استقبال مستفيدات",overdue,60080,"أثير محمد عبدالعزيز المديهش",active,5,"القسم النسائي",5,"القسم النسائي",90011,5,template,""
330030,"دراسة جودة الاحكام",overdue,60080,"أثير محمد عبدالعزيز المديهش",active,5,"القسم النسائي",5,"القسم النسائي",90010,5,template,""
450019,"استقبال مستفيدات",overdue,60080,"أثير محمد عبدالعزيز المديهش",active,5,"القسم النسائي",5,"القسم النسائي",90011,5,template,""
450013,"استقبال مستفيدات",overdue,60080,"أثير محمد عبدالعزيز المديهش",active,5,"القسم النسائي",5,"القسم النسائي",90005,5,template,"مُسند ≠ defaultAssignee القالب"
450018,"دراسة جودة الاحكام",overdue,60080,"أثير محمد عبدالعزيز المديهش",active,5,"القسم النسائي",5,"القسم النسائي",90010,5,template,""
720016,"استقبال مستفيدات",new,60080,"أثير محمد عبدالعزيز المديهش",active,5,"القسم النسائي",5,"القسم النسائي",90011,5,template,""
720015,"دراسة جودة الاحكام",new,60080,"أثير محمد عبدالعزيز المديهش",active,5,"القسم النسائي",5,"القسم النسائي",90010,5,template,""
330031,"استقبال مستفيدات",new,60080,"أثير محمد عبدالعزيز المديهش",active,5,"القسم النسائي",5,"القسم النسائي",90005,5,template,"مُسند ≠ defaultAssignee القالب"
330010,"دراسة جودة الاحكام",new,60080,"أثير محمد عبدالعزيز المديهش",active,5,"القسم النسائي",5,"القسم النسائي",90010,5,template,""
300011,"استقبال مستفيدات",new,60080,"أثير محمد عبدالعزيز المديهش",active,5,"القسم النسائي",5,"القسم النسائي",90005,5,template,"مُسند ≠ defaultAssignee القالب"
300010,"دراسة جودة الاحكام",new,60080,"أثير محمد عبدالعزيز المديهش",active,5,"القسم النسائي",5,"القسم النسائي",90010,5,template,""
360004,"ارسال بريد افادة للملازم المتغيب عن العمل",overdue,60094,"سليمان عبدالرحمن سليمان الراشد",active,2,"شؤون الملازمين",2,"شؤون الملازمين",30019,2,template,""
450005,"متابعة حضور وانصراف الملازمين اليومي وارسال افادة عن التاخر أو الغياب لفضيلة الملازمين والقيام بجولة اثناء أوقات ساعات العمل",overdue,60094,"سليمان عبدالرحمن سليمان الراشد",active,2,"شؤون الملازمين",2,"شؤون الملازمين",30018,2,template,""
450007,"تحديث قاعدة بيانات الملازمين بما يتم طلبات الاجازة والندب والانقطاع ونحوه",overdue,60094,"سليمان عبدالرحمن سليمان الراشد",active,2,"شؤون الملازمين",2,"شؤون الملازمين",30021,2,template,""
450002,"الملازمين المعينين حديثا يتم رفع المباشرة لهم عن طريق البريد الالكتروني لإدارة شؤون القضاة بالمجلس",overdue,60094,"سليمان عبدالرحمن سليمان الراشد",active,2,"شؤون الملازمين",2,"شؤون الملازمين",30003,2,template,""
600005,"تحديث قاعدة بيانات الملازمين بما يتم طلبات الاجازة والندب والانقطاع ونحوه",overdue,60094,"سليمان عبدالرحمن سليمان الراشد",active,2,"شؤون الملازمين",2,"شؤون الملازمين",30021,2,template,""
600003,"متابعة حضور وانصراف الملازمين اليومي وارسال افادة عن التاخر أو الغياب لفضيلة الملازمين والقيام بجولة اثناء أوقات ساعات العمل",overdue,60094,"سليمان عبدالرحمن سليمان الراشد",active,2,"شؤون الملازمين",2,"شؤون الملازمين",30018,2,template,""
720003,"متابعة حضور وانصراف الملازمين اليومي وارسال افادة عن التاخر أو الغياب لفضيلة الملازمين والقيام بجولة اثناء أوقات ساعات العمل",new,60094,"سليمان عبدالرحمن سليمان الراشد",active,2,"شؤون الملازمين",2,"شؤون الملازمين",30018,2,template,""
720005,"تحديث قاعدة بيانات الملازمين بما يتم طلبات الاجازة والندب والانقطاع ونحوه",new,60094,"سليمان عبدالرحمن سليمان الراشد",active,2,"شؤون الملازمين",2,"شؤون الملازمين",30021,2,template,""
450025,"استقبال المستفيدات",overdue,60121,"نوره مشحن عبدالهادى القحطاني",active,5,"القسم النسائي",5,"القسم النسائي",90022,5,template,""
720023,"استقبال المستفيدات",under_review,60121,"نوره مشحن عبدالهادى القحطاني",active,5,"القسم النسائي",5,"القسم النسائي",90022,5,template,""
720025,"متابعه حضور المتدربات",under_review,60121,"نوره مشحن عبدالهادى القحطاني",active,5,"القسم النسائي",5,"القسم النسائي",90024,5,template,""
300023,"فرز الاحكام بتوجية من فضيلة الرئيس",new,60121,"نوره مشحن عبدالهادى القحطاني",active,5,"القسم النسائي",5,"القسم النسائي",90003,5,template,"مُسند ≠ defaultAssignee القالب"
330039,"فرز الاحكام بتوجية من فضيلة الرئيس",new,60121,"نوره مشحن عبدالهادى القحطاني",active,5,"القسم النسائي",5,"القسم النسائي",90003,5,template,"مُسند ≠ defaultAssignee القالب"
330019,"فرز الاحكام بتوجية من فضيلة الرئيس",new,60121,"نوره مشحن عبدالهادى القحطاني",active,5,"القسم النسائي",5,"القسم النسائي",90003,5,template,"مُسند ≠ defaultAssignee القالب"
330041,"استقبال المستفيدات",overdue,60125,"هنادي محمد بن ابراهيم الدوسري",active,5,"القسم النسائي",5,"القسم النسائي",90025,5,template,""
300027,"اعداد تقارير اسبوعيه للتشكيلات القضائية  بشأن القضايا المتعثرة كل يوم أحد",overdue,60125,"هنادي محمد بن ابراهيم الدوسري",active,5,"القسم النسائي",5,"القسم النسائي",90027,5,template,""
450030,"اعداد تقارير اسبوعيه للتشكيلات القضائية  بشأن القضايا المتعثرة كل يوم أحد",overdue,60125,"هنادي محمد بن ابراهيم الدوسري",active,5,"القسم النسائي",5,"القسم النسائي",90027,5,template,""
450029,"فرز الاحكام بتوجية من فضيلة الرئيس",overdue,60125,"هنادي محمد بن ابراهيم الدوسري",active,5,"القسم النسائي",5,"القسم النسائي",90026,5,template,""
450028,"استقبال المستفيدات",overdue,60125,"هنادي محمد بن ابراهيم الدوسري",active,5,"القسم النسائي",5,"القسم النسائي",90025,5,template,""
450023,"استقبال المستفيدات",overdue,60125,"هنادي محمد بن ابراهيم الدوسري",active,5,"القسم النسائي",5,"القسم النسائي",90018,5,template,""
600019,"استقبال المستفيدات",overdue,60125,"هنادي محمد بن ابراهيم الدوسري",active,5,"القسم النسائي",5,"القسم النسائي",90018,5,template,""
600024,"استقبال المستفيدات",overdue,60125,"هنادي محمد بن ابراهيم الدوسري",active,5,"القسم النسائي",5,"القسم النسائي",90025,5,template,""
720021,"استقبال المستفيدات",new,60125,"هنادي محمد بن ابراهيم الدوسري",active,5,"القسم النسائي",5,"القسم النسائي",90018,5,template,""
720027,"فرز الاحكام بتوجية من فضيلة الرئيس",new,60125,"هنادي محمد بن ابراهيم الدوسري",active,5,"القسم النسائي",5,"القسم النسائي",90026,5,template,""
720026,"استقبال المستفيدات",new,60125,"هنادي محمد بن ابراهيم الدوسري",active,5,"القسم النسائي",5,"القسم النسائي",90025,5,template,""
300025,"استقبال المستفيدات",new,60125,"هنادي محمد بن ابراهيم الدوسري",active,5,"القسم النسائي",5,"القسم النسائي",90018,5,template,""
300028,"حصر اعمال القسم",new,60125,"هنادي محمد بن ابراهيم الدوسري",active,5,"القسم النسائي",5,"القسم النسائي",90028,5,template,""
330042,"فرز الاحكام بتوجية من فضيلة الرئيس",new,60125,"هنادي محمد بن ابراهيم الدوسري",active,5,"القسم النسائي",5,"القسم النسائي",90003,5,template,"مُسند ≠ defaultAssignee القالب"
300026,"فرز الاحكام بتوجية من فضيلة الرئيس",new,60125,"هنادي محمد بن ابراهيم الدوسري",active,5,"القسم النسائي",5,"القسم النسائي",90003,5,template,"مُسند ≠ defaultAssignee القالب"
720029,"استقبال المستفيدات",new,60126,"سارة رشدان راشد العصيمي",active,5,"القسم النسائي",5,"القسم النسائي",90030,5,template,""
720028,"فرز الاحكام بتوجية من فضيلة الرئيس",new,60126,"سارة رشدان راشد العصيمي",active,5,"القسم النسائي",5,"القسم النسائي",90029,5,template,""
450017,"استقبال مستفيدات",new,60129,"دلال عبدالرحمن عبدالعزيز الشويعر",active,5,"القسم النسائي",5,"القسم النسائي",90005,5,template,"مُسند ≠ defaultAssignee القالب"
540003,"استقبال مستفيدات",new,60129,"دلال عبدالرحمن عبدالعزيز الشويعر",active,5,"القسم النسائي",5,"القسم النسائي",90005,5,template,"مُسند ≠ defaultAssignee القالب"
450021,"فرز الاحكام بتوجية من فضيلة الرئيس",new,60130,"ساره عبدالعزيز محمد المطوع",active,5,"القسم النسائي",5,"القسم النسائي",90003,5,template,""
720018,"فرز الاحكام بتوجية من فضيلة الرئيس",under_review,60132,"تماضر احمد عبدالعزيز اليحيى",active,5,"القسم النسائي",5,"القسم النسائي",90014,5,template,""
330047,"العمل مع مركز التهيئة معدل 8 قضايا",overdue,60138,"شهاليل صالح ابراهيم القصير",active,5,"القسم النسائي",5,"القسم النسائي",90034,5,template,""
300034,"العمل مع مركز التهيئة معدل 8 قضايا",overdue,60138,"شهاليل صالح ابراهيم القصير",active,5,"القسم النسائي",5,"القسم النسائي",90034,5,template,""
450036,"العمل مع مركز التهيئة معدل 8 قضايا",overdue,60138,"شهاليل صالح ابراهيم القصير",active,5,"القسم النسائي",5,"القسم النسائي",90034,5,template,""
600030,"العمل مع مركز التهيئة معدل 8 قضايا",overdue,60138,"شهاليل صالح ابراهيم القصير",active,5,"القسم النسائي",5,"القسم النسائي",90034,5,template,""
720032,"العمل مع مركز التهيئة معدل 8 قضايا",new,60138,"شهاليل صالح ابراهيم القصير",active,5,"القسم النسائي",5,"القسم النسائي",90034,5,template,""
300007,"استقبال مستفيدات",new,60140,"أبتسام عبدالعزيز محمد الخزعل",active,5,"القسم النسائي",5,"القسم النسائي",90005,5,template,"مُسند ≠ defaultAssignee القالب"
330007,"استقبال مستفيدات",new,60140,"أبتسام عبدالعزيز محمد الخزعل",active,5,"القسم النسائي",5,"القسم النسائي",90005,5,template,"مُسند ≠ defaultAssignee القالب"
720030,"العمل مع مركز التهيئة معدل 8 قضايا",in_progress,60146,"الجوهره عبدالعزيز ناصر السياري",active,5,"القسم النسائي",5,"القسم النسائي",90032,5,template,""
